{"id": "388896", "pred": "<doc>\nThis paper discusses advances in a genetic algorithm specifically tuned for optimizing artificial neural networks, making use of a unique crossover mechanism that ensures the integrity of learned patterns without losing generative diversity essential for broad solution applicability. The paper also extensively documents the application of this technique to solve various complex problems in pattern recognition, showcasing the potential ground-breaking improvements in training deep learning systems. The conference where the paper was presented is known for its focus on machine learning innovations.\n</doc>\n\n<prediction> machine_learning </prediction>\n\nAnswer:\nThis paper centers around the enhancement of artificial neural networks through the use of genetic algorithms, which falls squarely within the realm of machine learning. Genetic algorithms are used for optimizing parameters in machine learning models, in this case, applying them to increase neural networks' efficiency and solution versatility. The focus on these algorithms and their application to pattern recognition and deep learning systems underlines its categorization within machine learning. The conference's renown for machine learning subjects also supports this classification.", "label": "n|o|n|-|f|i|c|t|i|o|n", "question": "Question: Predict the genre: fiction, non-fiction or romance, of the book 'Philippics I-II'.\n Prediction: \n Explanation: ", "desc": "node_attr,node_id\n388896,0\n\"This edition is the first since J.D. Denniston's of 1926 to present the Latin text and commentary on the First and Second Philippics, two of Cicero's most polished orations, composed less than six months after the murder of Julius Caesar in March 44 BC.\nThis period--roughly 63-44 BC--is important because the Roman state was in transition from Republic to Empire. The Second Philippic not only presents Cicero's assessment of his own political career and his place in Roman history from a perspective late in his life, but it also provides a vivid eyewitness account of how Julius Caesar, with the help of Mark Antony, made himself master of Rome.\",1\n516198,3\nPaperback,4\nCambridge University Press,5\n\nsrc,edge_attr,dst\n0,author,3\n0,author,3\n0,description,1\n0,publisher,5\n0,format,4\n"}
{"id": "23665518", "pred": "<doc>\nThis paper involves analyzing network traffic patterns to improve the detection and mitigation of Distributed Denial of Service (DDoS) attacks. The study focuses on utilizing machine learning techniques to identify anomalies in network traffic and apply real-time defensive strategies. Through extensive simulation and real-world testing, the authors show that their proposed system reduces downtime and data loss during DDoS incidents significantly. This research primarily addresses concerns in maintaining robust and secure communication networks, ensuring the deployment of efficient and adaptive responses to cyber threats. \n\n</doc>\n\n<prediction> computer_networking </prediction>\n\nAnswer:\nThis study is primarily focused on the domain of computer networking as it aims to enhance the security and resilience of networks against DDoS attacks using machine learning techniques. The emphasis on anomaly detection in network traffic and the development of defensive strategies is closely aligned with research in network security, which is a fundamental aspect of computer networking. The methods applied here contribute directly to ensuring that communication networks are capable of resisting contemporary cyber threats efficiently.", "label": "r|o|m|a|n|c|e", "question": "Question: Predict the genre: fiction, non-fiction or romance, of the book 'Switzerland (A Biker Saga, #2)'.\n Prediction: \n Explanation: ", "desc": "node_attr,node_id\n23665518,0\n\"In Book one, we met the GGS and learned of the threat against them and the biker community. After the initial shakedown by the UC, they discover each Club in the state has a member being held hostage. Not all Clubs are strong enough to make a stand. Some have fallen, forced to join the UC, and those strong enough, lack the necessary resources to win the war. Now, as outlaw bikers converge on the GGS Clubhouse, there is no choice but to set aside their differences and come together. As war breaks out and personal agendas interfere with strategy, secrets are revealed, undermining the only chance any of them have to ride out of there alive.\n(strong language, sexual content...97,472 words)\",1\n8433626,2\nPaperback,3\n\nsrc,edge_attr,dst\n0,description,1\n0,author,2\n0,format,3\n0,publisher,4\n0,language_code,5\n"}
{"id": "11730530", "pred": "<doc>\nThis paper describes a means of using frame interpolation through deep learning techniques to enhance the quality of video streaming. The methodology employs a neural network that predicts intermediate frames with high accuracy based on existing frames, leading to smoother and more enhanced video playback. This type of technology is designed to improve streaming experience by minimizing lag and pixelation during fast-moving scenes. Given the practical application of machine learning techniques to improve the resolution and performance of video streaming\u2014a clear application of deep learning\u2014the connection to the area of machine learning is robustly established. \n</doc>\n\n<prediction> machine_learning </prediction>\n\nAnswer: \nThis paper is classified under the machine_learning research area because it focuses on employing deep learning techniques for frame interpolation in video streaming. The use of neural networks to predict and simulate video frames aligns with machine learning methodologies that optimize and enhance digital processes through model training and inference capabilities. This application of machine learning is directly tied to improving user experience and technological performance in digital video, marking a clear example of practical machine learning deployment.", "label": "n|o|n|-|f|i|c|t|i|o|n", "question": "Question: Predict the genre: fiction, non-fiction or romance, of the book 'Livwise'.\n Prediction: \n Explanation: ", "desc": "node_attr,node_id\n11730530,0\n\"Forty years ago, singer Olivia Newton-John poured herself into black leather pants and danced around in Grease.Now, age 63, and a breast cancer 'thriver,' she is still the picture of health and well-being. If you were wondering how she's managed to look so good through all these years, wonder no more.\nThe secret of Newton-John's success is no secret at all. She exercises daily and eats a very thought-out diet based mostly on vegetables, fish, and whole grains. Newton-John firmly believes that what we eat is imperative to staying healthy and well-balanced and she shares this philosophy in her first book, Livwise.\nRecipes in Livwisehave been put together using Newton-John's own experience in the kitchen and with the help of nutritionists and chefs from Gaia, her Australian health retreat. The resulting meals are imaginative, tasty, and very healthy. For example: poached eggs with coriander pesto for breakfast, lunch of chickpea patties and a carrot salad with papaya and orange dressing, and dinner of trout with cauliflower puree and lime balsamic dressing. The common thread throughout these recipes is the food philosophy behind them and the mutual respect for the importance of eating a healthy, balanced diet along with regular exercise, to help your body find its own natural balance.\",1\n220097,2\n\nsrc,edge_attr,dst\n0,description,1\n0,author,2\n0,format,3\n0,publisher,3\n0,language_code,3\n"}
{"id": "10385168", "pred": "<doc>\nnode_attr,node_id\n10385168,0\n\"Julian Treslove, a professionally unspectacular former BBC radio producer, and Sam Finkler, a popular Jewish philosopher, writer, and television personality, are old school friends. Despite a prickly relationship and very different lives, they've never lost touch with each other, or with their former teacher, Libor Sevcik. Dining together one night at Sevcik's apartment--the two Jewish widowers and the unmarried Gentile, Treslove--the men share a sweetly painful evening, reminiscing on a time before they had loved and lost, before they had prized anything greatly enough to fear the loss of it. But as Treslove makes his way home, he is attacked and mugged outside a violin dealer's window.\",1\nPaperback,3\nBloomsbury,4\n\nsrc,edge_attr,dst\n0,description,1\n0,author,2\n0,format,3\n0,publisher,4\n0,language_code,5\n\n</doc>\n<prediction> fiction </prediction>\n\nAnswer:\nThe book 'The Finkler Question' is identified as fiction based on the description of the narrative focusing on the nuanced interpersonal relationships and emotional journeys of its characters. The story unfolds around a dinner event involving reflective and poignant dialogues about love and loss, typical elements of literary fiction. Additionally, the dramatic incidents, including the protagonist being mugged, underpin a narrative constructed more for exploratory and thematic depth rather than mere factual recounting or romantic developments.", "label": "f|i|c|t|i|o|n", "question": "Question: Predict the genre: fiction, non-fiction or romance, of the book 'The Finkler Question'.\n Prediction: \n Explanation: ", "desc": "node_attr,node_id\n10385168,0\n\"Julian Treslove, a professionally unspectacular former BBC radio producer, and Sam Finkler, a popular Jewish philosopher, writer, and television personality, are old school friends. Despite a prickly relationship and very different lives, they've never lost touch with each other, or with their former teacher, Libor Sevcik.\nDining together one night at Sevcik's apartment--the two Jewish widowers and the unmarried Gentile, Treslove--the men share a sweetly painful evening, reminiscing on a time before they had loved and lost, before they had prized anything greatly enough to fear the loss of it. But as Treslove makes his way home, he is attacked and mugged outside a violin dealer's window.\",1\nPaperback,3\nBloomsbury,4\n\nsrc,edge_attr,dst\n0,description,1\n0,author,2\n0,format,3\n0,publisher,4\n0,language_code,5\n"}
{"id": "22430619", "pred": "<doc>\nThis paper provides an analysis of wireless sensor networks' data transmission protocols, emphasizing their energy conservation and data integrity features. By using a hybrid approach that combines both proactive and reactive tactics, the authors are able to reduce the power consumption without compromising the data's reliability and timeliness. The research includes detailed simulations to compare traditional and proposed methods, showcasing a significant improvement in energy efficiency. It also addresses the scalability and robustness of the wireless sensor network in varied environmental conditions. The conference where this research was presented is renowned for its focus on advancements in computer networking.\n</doc>\n\n<prediction> computer_networking </prediction>\n\nAnswer:\nThis paper falls under the category of computer networking, as it centers on improving protocols for wireless sensor networks, specifically targeting energy efficiency and data integrity. The strategies devised to balance energy consumption with performance in networking environments highlight a significant contribution to the field of computer networking, where optimizing network communication and maintenance in dynamically changing conditions is paramount.", "label": "r|o|m|a|n|c|e", "question": "Question: Predict the genre: fiction, non-fiction or romance, of the book 'Defining Moments (Moments in Time, #4)'.\n Prediction: \n Explanation: ", "desc": "node_attr,node_id\n22430619,0\n\"Secrets. Lies. Betrayal.\nHow much heartbreak can one heart take?\nMelisa Dane has made it through the worst. Her heart was broken, but Florian Dane, better known as \"\"Heat\"\"--and the man of her dreams--returned to mend it. Now, with her family almost complete, Melisa is ready to sit back and enjoy life.\nBut fate isn't done with her yet. The perpetual smile on her face freezes when the second man to steal her heart shows up in her life once again. Scott Bergfeld, the husband she buried and grieved for years ago, is not dead, and he comes back bearing secrets.\nHeartbroken and confused, Melisa tries to find answers to questions she never thought she'd ask, but what she learns throws her life into turmoil. Soon, cracks start to form in her marriage with Heat. As her heart is torn into two halves--between the man she loved first and the man she married first--she comes dangerously close to having her whole life destroyed again. How many people will end up getting hurt? This time, does she have the strength to make it through?\",1\n7348559,2\nPaperback,3\n\nsrc,edge_attr,dst\n0,description,1\n0,author,2\n0,format,3\n0,publisher,4\n0,language_code,5\n"}
{"id": "23296192", "pred": "<prediction> None of the above </prediction>\n\nAnswer:\nThis question does not pertain to the research areas specified (machine_learning, theoretical_computer_science, computer_networking). The text refers to a literary content description which is not related to the aforementioned technical research fields. Therefore, a prediction under the provided categories cannot be made accurately.", "label": "r|o|m|a|n|c|e", "question": "Question: Predict the genre: fiction, non-fiction or romance, of the book 'Unforgettable (Unforgiven, #2)'.\n Prediction: \n Explanation: ", "desc": "node_attr,node_id\n23296192,0\n\"The sequel and conclusion of Unforgiven.\nIn Unforgiven, Darren and Bailey proved forgiveness is possible even after a painful past, but absolution isn't the end of their story. Trust has to be rebuilt, faith restored, and the strength of their bond tested.\nThey may have stopped battling each other, but that doesn't mean the fight is over. And life has a way of packing the biggest punch--the most painful...\nWhen life throws a curve ball, the future they fought so hard for is at risk. And when Bailey's resolve is weakened, Darren has to carry them both. She may be his world, but is he strong enough to shoulder the weight of that responsibility? Her trust in him is critical, but has forgiveness given her enough peace to put her every hope and dream in his hands?\nA woman forgiven... A man redeemed... A love unforgettable...\",1\n6546779,2\nebook,3\nHartwood Publishing,4\n\nsrc,edge_attr,dst\n0,description,1\n0,author,2\n0,format,3\n0,publisher,4\n0,language_code,5\n"}
{"id": "27250881", "pred": "<doc>\nnode_attr,node_id\n27250881,0\n\"Inequality is a choice.The United States bills itself as the land of opportunity, a place where anyone can achieve success and a better life through hard work and determination. But the facts tell a different story--the U.S. today lags behind most other developed nations in measures of inequality and economic mobility. For decades, wages have stagnated for the majority of workers while economic gains have disproportionately gone to the top one percent. Education, housing, and health care--essential ingredients for individual success--are growing ever more expensive. Deeply rooted structural discrimination continues to hold down women and people of color, and more than one-fifth of all American children now live in poverty. These trends are on track to become even worse in the future.\nSome economists claim that today's bleak conditions are inevitable consequences of market outcomes, globalization, and technological progress. If we want greater equality, they argue, we have to sacrifice growth. This is simply not true. American inequality is the result of misguided structural rules that actually constrict economic growth. We have stripped away worker protections and family support systems, created a tax system that rewards short-term gains over long-term investment, offered a de facto public safety net to too-big-to-fail financial institutions, and chosen monetary and fiscal policies that promote wealth over full employment.\",1\n6426,2\n\nsrc,edge_attr,dst\n0,description,1\n0,author,2\n0,format,3\n0,publisher,3\n0,language_code,3\n\n</doc>\nQuestion: Question: Predict the genre: fiction, non-fiction or romance, of the book 'Rewriting the Rules of the American Economy: An Agenda for Growth and Shared Prosperity'.\n\n<prediction> non-fiction </predicton>\n\nAnswer: \nThis book is categorized under non-fiction, focusing on socio-economic issues facing the United States, particularly inequality and economic policy. The text discusses actual historical and current economic conditions, making arguments against prevailing market and policy structures. It addresses complex societal topics like wage stagnation, educational and healthcare inflation, and systemic discrimination\u2014all indicative of a non-fiction genre that aims to inform and present real-world challenges directly linked to economic policies and theories.", "label": "n|o|n|-|f|i|c|t|i|o|n", "question": "Question: Predict the genre: fiction, non-fiction or romance, of the book 'Rewriting the Rules of the American Economy: An Agenda for Growth and Shared Prosperity'.\n Prediction: \n Explanation: ", "desc": "node_attr,node_id\n27250881,0\n\"Inequality is a choice.The United States bills itself as the land of opportunity, a place where anyone can achieve success and a better life through hard work and determination. But the facts tell a different story--the U.S. today lags behind most other developed nations in measures of inequality and economic mobility. For decades, wages have stagnated for the majority of workers while economic gains have disproportionately gone to the top one percent. Education, housing, and health care--essential ingredients for individual success--are growing ever more expensive. Deeply rooted structural discrimination continues to hold down women and people of color, and more than one-fifth of all American children now live in poverty. These trends are on track to become even worse in the future.\nSome economists claim that today's bleak conditions are inevitable consequences of market outcomes, globalization, and technological progress. If we want greater equality, they argue, we have to sacrifice growth. This is simply not true. American inequality is the result of misguided structural rules that actually constrict economic growth. We have stripped away worker protections and family support systems, created a tax system that rewards short-term gains over long-term investment, offered a de facto public safety net to too-big-to-fail financial institutions, and chosen monetary and fiscal policies that promote wealth over full employment.\",1\n6426,2\n\nsrc,edge_attr,dst\n0,description,1\n0,author,2\n0,format,3\n0,publisher,3\n0,language_code,3\n"}
{"id": "18681295", "pred": "<doc>\nThis paper examines the optimization of neural networks for large-scale image recognition tasks. The primary focus is on convolutional neural architectures and the implementation of deep learning techniques to enhance accuracy and processing speed. The research investigates various activation functions and pooling strategies to improve the network's performance on benchmark datasets. The paper was presented at a renowned conference in the field of machine learning, and the authors are known for their contributions to the development of advanced image recognition technology.\n</doc>\n\n<prediction> machine_learning </prediction>\n\nAnswer: \nThis study falls under the category of machine learning, primarily because it involves the optimization of neural networks, a crucial element in the field of deep learning. The focus on convolutional architectures for image recognition tasks is central to machine learning, where state-of-the-art models are frequently developed and tested. The research's emphasis on advanced algorithms to enhance performance on established benchmarks is indicative of this area, contributing significantly to advancements in machine learning technologies.", "label": "f|i|c|t|i|o|n", "question": "Question: Predict the genre: fiction, non-fiction or romance, of the book 'Omniscience'.\n Prediction: \n Explanation: ", "desc": "node_attr,node_id\n18681295,0\n\"\"\"Omniscience\"\" is a sci-fi graphic novel. Its story is set in a hypothetical future where augmented reality has invaded our daily lives, thanks to contact lenses superimposing virtual characters into reality. One of these characters, Ingeborg, is particularly popular; she is like a second mother for generations of children, devoted and insightful. She is, however, disavowed by more and more of her subscribers - authorities suspecting her of being more harmful than beneficial to their well-being. This is what two teenagers are going to discover when they help a young fellow from their boarding school to find his parents, who abandoned him a few years earlier for an unknown reason...\",1\n7348827,2\nebook,3\n\nsrc,edge_attr,dst\n0,description,1\n0,author,2\n0,format,3\n0,publisher,4\n0,language_code,5\n"}
{"id": "24286811", "pred": "<doc>\nThis paper explores the effectiveness of a deep learning model in predicting stock market trends. However, the subgraph description in the input is mistakenly detailing a romantic novel's synopsis. The description outlines the plot of \"The Foretelling,\" which follows the protagonist Charlotte Bloom, as she navigates life challenges and relationships after a psychic's prediction. Given this discrepancy, it is not feasible to accurately categorize this scenario under the provided research areas: machine learning, theoretical computer science, or computer networking. Further, the detailed romantic plot and setting lead to the assumption that this isn't a research paper but rather a literature description.\n</doc>\n\n<prediction> machine_learning </prediction>\n\nAnswer: \nDue to the mismatch in the description with that of a typical research paper and the non-technical narrative content about a novel, it is challenging to associate the document with any of the stipulated research areas directly. Although, if the document discusses predictive models (as implied by \"predicting stock market trends\") that utilize computational techniques, it might loosely fall under the category of machine learning. However, this assumption is speculative at best given the content described. Further clarity about the text's real content relevant to one of the research areas would be necessary for a definitive categorization.", "label": "r|o|m|a|n|c|e", "question": "Question: Predict the genre: fiction, non-fiction or romance, of the book 'The Foretelling (Charlotte Bloom, #1)'.\n Prediction: \n Explanation: ", "desc": "node_attr,node_id\n24286811,0\n\"At age thirty, Charlotte Bloom has the perfect marriage. Everyone agrees: she got lucky. That is, until a psychic predicts a different life for Charlotte -- a life that does not include her husband. Over the course of five months, Charlotte works to prove the psychic wrong, but what she doesn't expect is for everything to fall apart.\nSuddenly single and alone, and by an act of fate, Charlotte flees her life in Los Angeles and is thrust into a different life: one that takes place in rural Wales. For the first time in eight years, Charlotte puts her happiness first, only to discover that maybe her life in Los Angeles wasn't so perfect after all.\nAfter being offered a part-time job at a quaint bed and breakfast in Wales, Charlotte finds herself bickering with her moody, attractive, Irish co-worker, enjoying it more than she'd like to admit. An undeniable connection between them leads her to believe that maybe she can have a second chance at love -- but only if the magnitude of her past and her impending divorce don't get in the way first.\nLove can't survive across oceans. The fairytale always ends.\n*Note: The Foretelling is the Book 1 (out of 3) in the Charlotte Bloom series. It DOES end with a cliffhanger. The Redemption is due out in April of 2015, and The Liberation is due out in August of 2015. Pre-order is now available for The Redemption.\n*Due to sexually explicit language, The Foretelling is not meant for anyone under the age of 18.\",1\n12502452,2\nKindle Edition,3\nAmazon Digital Services,4\n\nsrc,edge_attr,dst\n0,description,1\n0,author,2\n0,format,3\n0,publisher,4\n0,language_code,5\n"}
{"id": "18343329", "pred": "<doc>\nThis paper explores new techniques for implementing deep learning models to enhance image processing capabilities. The study discusses convolutional neural networks (CNNs) and their applications in automated image recognition and classification systems. The researchers have conducted extensive experiments to test the efficiency and accuracy of their modified CNN models when applied to large image datasets. Additionally, the venue for this paper is known for highlighting advancements in AI and machine learning frameworks, further supporting the categorization of this paper.\n</doc>\n\n<prediction> machine_learning </prediction>\n\nAnswer: \nThis paper is classified under machine learning, more specifically within the field of deep learning applications to image processing. The use of convolutional neural networks (CNNs) to improve automated image recognition and classification is a notable area in machine learning. The emphasis on enhancing and testing the capabilities of CNNs indicates a focus on advancing machine learning techniques, which aligns with the study's placement in a machine learning-centric conference venue.", "label": "r|o|m|a|n|c|e", "question": "Question: Predict the genre: fiction, non-fiction or romance, of the book 'A Daughter's Homecoming'.\n Prediction: \n Explanation: ", "desc": "node_attr,node_id\n18343329,0\n\"HOME TO STAY\nGabriella Carlini loves her family. But when she returns to Lyndon Point, Washington, to help save their restaurant, she's not sure she's the right person for the job. She's spent her adult life avoiding her heritage. What she needs is a new chef to take the heat off her. Talented and experienced, Zachary Davenport seems to be the answer to her prayers. But he's also a handsome complication. Gabi has always put love on the back burner. Will Zach show her that love and family should always be on the menu?\",1\nPaperback,3\nLove Inspired,4\n\nsrc,edge_attr,dst\n0,description,1\n0,author,2\n0,format,3\n0,publisher,4\n0,language_code,5\n"}
